{
  "meta": {
    "rsa_bits": 2048,
    "prime_bits": 1024,
    "e": 65537,
    "have_bkz": true,
    "max_workers": 11,
    "unknown_bits_grid": [
      160,
      180,
      200,
      220,
      240
    ],
    "instances_per_unknown_bits": 12,
    "total_instances": 60,
    "total_strategy_runs": 360
  },
  "overall": {
    "count": 360,
    "success_count": 120,
    "failure_count": 240,
    "success_rate": 0.3333333333333333,
    "plaintext_ok_rate": 0.3333333333333333,
    "factors_ok_rate": 0.3333333333333333,
    "timing": {
      "mean": 0.031971976558240085,
      "median": 0.0035317260008014273,
      "min": 0.0002971539979625959,
      "max": 0.25642520699693705,
      "p90": 0.09128049320133869,
      "p95": 0.11276598435142661,
      "p99": 0.151825567319429
    }
  },
  "by_strategy": {
    "bkz_descend": {
      "count": 60,
      "success_count": 0,
      "failure_count": 60,
      "success_rate": 0.0,
      "plaintext_ok_rate": 0.0,
      "factors_ok_rate": 0.0,
      "timing": {
        "mean": 0.0038793498831485823,
        "median": 0.003573589499865193,
        "min": 0.002537046999350423,
        "max": 0.014592294999602018,
        "p90": 0.005088437598169548,
        "p95": 0.007150412602095457,
        "p99": 0.01035566843085687
      }
    },
    "det_prune_bkz": {
      "count": 60,
      "success_count": 0,
      "failure_count": 60,
      "success_rate": 0.0,
      "plaintext_ok_rate": 0.0,
      "factors_ok_rate": 0.0,
      "timing": {
        "mean": 0.003071875149786744,
        "median": 0.0028092874999856576,
        "min": 0.001589598999998998,
        "max": 0.00991484199767001,
        "p90": 0.003918896500908886,
        "p95": 0.0043908129506235105,
        "p99": 0.008422545559988056
      }
    },
    "det_prune_lll": {
      "count": 60,
      "success_count": 0,
      "failure_count": 60,
      "success_rate": 0.0,
      "plaintext_ok_rate": 0.0,
      "factors_ok_rate": 0.0,
      "timing": {
        "mean": 0.0007675152499966013,
        "median": 0.00043517900121514685,
        "min": 0.0002971539979625959,
        "max": 0.010393453001597663,
        "p90": 0.0012611076017492453,
        "p95": 0.0017937671489562479,
        "p99": 0.0061037470804876405
      }
    },
    "embed_tau_sweep": {
      "count": 60,
      "success_count": 0,
      "failure_count": 60,
      "success_rate": 0.0,
      "plaintext_ok_rate": 0.0,
      "factors_ok_rate": 0.0,
      "timing": {
        "mean": 0.003323443783726058,
        "median": 0.0028381039992382284,
        "min": 0.0019655479991342872,
        "max": 0.010887665001064306,
        "p90": 0.005323755299832556,
        "p95": 0.005972709751404182,
        "p99": 0.008629263001494096
      }
    },
    "lll_small": {
      "count": 60,
      "success_count": 60,
      "failure_count": 0,
      "success_rate": 1.0,
      "plaintext_ok_rate": 1.0,
      "factors_ok_rate": 1.0,
      "timing": {
        "mean": 0.08911028423323539,
        "median": 0.08122408650160651,
        "min": 0.059369103000790346,
        "max": 0.25642520699693705,
        "p90": 0.12217614390101517,
        "p95": 0.12794261964736506,
        "p99": 0.1898206946380374
      }
    },
    "lll_wide": {
      "count": 60,
      "success_count": 60,
      "failure_count": 0,
      "success_rate": 1.0,
      "plaintext_ok_rate": 1.0,
      "factors_ok_rate": 1.0,
      "timing": {
        "mean": 0.09167939104954712,
        "median": 0.0828961494989926,
        "min": 0.060985836000327254,
        "max": 0.24144406800041907,
        "p90": 0.11778663439763479,
        "p95": 0.15111447660001429,
        "p99": 0.21067096186816325
      }
    }
  },
  "by_unknown_bits": {
    "160": {
      "count": 72,
      "success_count": 24,
      "failure_count": 48,
      "success_rate": 0.3333333333333333,
      "plaintext_ok_rate": 0.3333333333333333,
      "factors_ok_rate": 0.3333333333333333,
      "timing": {
        "mean": 0.03860367941630708,
        "median": 0.00395389099867316,
        "min": 0.0002971539979625959,
        "max": 0.25642520699693705,
        "p90": 0.11512491889770898,
        "p95": 0.13633806169818857,
        "p99": 0.24578859830940936
      }
    },
    "180": {
      "count": 72,
      "success_count": 24,
      "failure_count": 48,
      "success_rate": 0.3333333333333333,
      "plaintext_ok_rate": 0.3333333333333333,
      "factors_ok_rate": 0.3333333333333333,
      "timing": {
        "mean": 0.03156977527790635,
        "median": 0.0036664745002781274,
        "min": 0.00029717700090259314,
        "max": 0.15299096599846962,
        "p90": 0.09304424710098828,
        "p95": 0.10709566679888666,
        "p99": 0.13711337942015248
      }
    },
    "200": {
      "count": 72,
      "success_count": 24,
      "failure_count": 48,
      "success_rate": 0.3333333333333333,
      "plaintext_ok_rate": 0.3333333333333333,
      "factors_ok_rate": 0.3333333333333333,
      "timing": {
        "mean": 0.02926596613896335,
        "median": 0.0034198174998891773,
        "min": 0.00032582099811406806,
        "max": 0.1278012749971822,
        "p90": 0.08656248659899574,
        "p95": 0.09203796200145008,
        "p99": 0.11435383239768282
      }
    },
    "220": {
      "count": 72,
      "success_count": 24,
      "failure_count": 48,
      "success_rate": 0.3333333333333333,
      "plaintext_ok_rate": 0.3333333333333333,
      "factors_ok_rate": 0.3333333333333333,
      "timing": {
        "mean": 0.030341556513576506,
        "median": 0.003229985999496421,
        "min": 0.0003317340015200898,
        "max": 0.1510157140000956,
        "p90": 0.08667788949860551,
        "p95": 0.10580046275044884,
        "p99": 0.14570526118917776
      }
    },
    "240": {
      "count": 72,
      "success_count": 24,
      "failure_count": 48,
      "success_rate": 0.3333333333333333,
      "plaintext_ok_rate": 0.3333333333333333,
      "factors_ok_rate": 0.3333333333333333,
      "timing": {
        "mean": 0.03007890544444712,
        "median": 0.0034107624996977393,
        "min": 0.0003264859988121316,
        "max": 0.12039839700082666,
        "p90": 0.09009345429767564,
        "p95": 0.09426654739963852,
        "p99": 0.11580918562031006
      }
    }
  },
  "parameter_usage": [
    {
      "strategy_name": "lll_wide",
      "m": 2,
      "t": 2,
      "use_bkz": false,
      "bkz_block_size": 20,
      "tau_used": null,
      "count": 60
    },
    {
      "strategy_name": "lll_small",
      "m": 2,
      "t": 2,
      "use_bkz": false,
      "bkz_block_size": 20,
      "tau_used": null,
      "count": 60
    }
  ]
}