{
  "meta": {
    "rsa_bits": 2048,
    "prime_bits": 1024,
    "e": 65537,
    "have_bkz": true,
    "max_workers": 11,
    "unknown_bits_grid": [
      160,
      180,
      200,
      220,
      240
    ],
    "instances_per_unknown_bits": 12,
    "total_instances": 60,
    "total_strategy_runs": 360
  },
  "overall": {
    "count": 360,
    "success_count": 120,
    "failure_count": 240,
    "success_rate": 0.3333333333333333,
    "plaintext_ok_rate": 0.3333333333333333,
    "factors_ok_rate": 0.3333333333333333,
    "timing": {
      "mean": 0.0406859633332715,
      "median": 0.00467617750109639,
      "min": 0.000321391002216842,
      "max": 0.298123395001312,
      "p90": 0.12342767629888843,
      "p95": 0.14777604450246146,
      "p99": 0.21146980642173743
    }
  },
  "by_strategy": {
    "bkz_descend": {
      "count": 60,
      "success_count": 0,
      "failure_count": 60,
      "success_rate": 0.0,
      "plaintext_ok_rate": 0.0,
      "factors_ok_rate": 0.0,
      "timing": {
        "mean": 0.004876174549766196,
        "median": 0.004740697500892566,
        "min": 0.0020855089969700202,
        "max": 0.009610581997549161,
        "p90": 0.00730685049929889,
        "p95": 0.007514165100656099,
        "p99": 0.00954001032772794
      }
    },
    "det_prune_bkz": {
      "count": 60,
      "success_count": 0,
      "failure_count": 60,
      "success_rate": 0.0,
      "plaintext_ok_rate": 0.0,
      "factors_ok_rate": 0.0,
      "timing": {
        "mean": 0.00396850555025594,
        "median": 0.003856835499391309,
        "min": 0.0014954630023567006,
        "max": 0.010179682998568751,
        "p90": 0.005448710599375773,
        "p95": 0.006112560101792033,
        "p99": 0.009765746668781501
      }
    },
    "det_prune_lll": {
      "count": 60,
      "success_count": 0,
      "failure_count": 60,
      "success_rate": 0.0,
      "plaintext_ok_rate": 0.0,
      "factors_ok_rate": 0.0,
      "timing": {
        "mean": 0.0007151568662569237,
        "median": 0.0005768350001744693,
        "min": 0.000321391002216842,
        "max": 0.0034730359984678216,
        "p90": 0.0010810641982970993,
        "p95": 0.0012935546999869982,
        "p99": 0.002830849909951208
      }
    },
    "embed_tau_sweep": {
      "count": 60,
      "success_count": 0,
      "failure_count": 60,
      "success_rate": 0.0,
      "plaintext_ok_rate": 0.0,
      "factors_ok_rate": 0.0,
      "timing": {
        "mean": 0.0037792580501142463,
        "median": 0.0034822439974959707,
        "min": 0.0016084369999589399,
        "max": 0.010792122000566451,
        "p90": 0.005279674300254555,
        "p95": 0.005498421998890989,
        "p99": 0.009062410150472705
      }
    },
    "lll_small": {
      "count": 60,
      "success_count": 60,
      "failure_count": 0,
      "success_rate": 1.0,
      "plaintext_ok_rate": 1.0,
      "factors_ok_rate": 1.0,
      "timing": {
        "mean": 0.11167078499996326,
        "median": 0.11094624699944688,
        "min": 0.04618678900078521,
        "max": 0.20754723499703687,
        "p90": 0.16537821079873538,
        "p95": 0.17515249190091706,
        "p99": 0.2055856519673398
      }
    },
    "lll_wide": {
      "count": 60,
      "success_count": 60,
      "failure_count": 0,
      "success_rate": 1.0,
      "plaintext_ok_rate": 1.0,
      "factors_ok_rate": 1.0,
      "timing": {
        "mean": 0.11910589998327244,
        "median": 0.11128132900012133,
        "min": 0.04644392500267713,
        "max": 0.298123395001312,
        "p90": 0.17379734709938932,
        "p95": 0.21451600935142778,
        "p99": 0.2600033002999405
      }
    }
  },
  "by_unknown_bits": {
    "160": {
      "count": 72,
      "success_count": 24,
      "failure_count": 48,
      "success_rate": 0.3333333333333333,
      "plaintext_ok_rate": 0.3333333333333333,
      "factors_ok_rate": 0.3333333333333333,
      "timing": {
        "mean": 0.03164887740295955,
        "median": 0.0033903549974638736,
        "min": 0.0003531520014803391,
        "max": 0.20940194600188988,
        "p90": 0.08570919860067079,
        "p95": 0.11243739925012051,
        "p99": 0.20572455211880883
      }
    },
    "180": {
      "count": 72,
      "success_count": 24,
      "failure_count": 48,
      "success_rate": 0.3333333333333333,
      "plaintext_ok_rate": 0.3333333333333333,
      "factors_ok_rate": 0.3333333333333333,
      "timing": {
        "mean": 0.033119757638865446,
        "median": 0.004272401001799153,
        "min": 0.000321391002216842,
        "max": 0.12130757499835454,
        "p90": 0.10268587379759991,
        "p95": 0.11211448164904142,
        "p99": 0.11770328485061331
      }
    },
    "200": {
      "count": 72,
      "success_count": 24,
      "failure_count": 48,
      "success_rate": 0.3333333333333333,
      "plaintext_ok_rate": 0.3333333333333333,
      "factors_ok_rate": 0.3333333333333333,
      "timing": {
        "mean": 0.03883695504161248,
        "median": 0.004469707999305683,
        "min": 0.0005065499972261023,
        "max": 0.14262243299890542,
        "p90": 0.1205766675015184,
        "p95": 0.125110584048889,
        "p99": 0.13860040653911715
      }
    },
    "220": {
      "count": 72,
      "success_count": 24,
      "failure_count": 48,
      "success_rate": 0.3333333333333333,
      "plaintext_ok_rate": 0.3333333333333333,
      "factors_ok_rate": 0.3333333333333333,
      "timing": {
        "mean": 0.04640357922198746,
        "median": 0.005364739001379348,
        "min": 0.0004237280008965172,
        "max": 0.23351306499898783,
        "p90": 0.13852622420054103,
        "p95": 0.1497675233003975,
        "p99": 0.22097621869950684
      }
    },
    "240": {
      "count": 72,
      "success_count": 24,
      "failure_count": 48,
      "success_rate": 0.3333333333333333,
      "plaintext_ok_rate": 0.3333333333333333,
      "factors_ok_rate": 0.3333333333333333,
      "timing": {
        "mean": 0.053420647360932584,
        "median": 0.00616174849892559,
        "min": 0.0004903789995296393,
        "max": 0.298123395001312,
        "p90": 0.1703205802994489,
        "p95": 0.18329018110143808,
        "p99": 0.2387120952314586
      }
    }
  },
  "parameter_usage": [
    {
      "strategy_name": "lll_small",
      "m": 2,
      "t": 2,
      "use_bkz": false,
      "bkz_block_size": 20,
      "tau_used": null,
      "count": 60
    },
    {
      "strategy_name": "lll_wide",
      "m": 2,
      "t": 2,
      "use_bkz": false,
      "bkz_block_size": 20,
      "tau_used": null,
      "count": 60
    }
  ]
}